timezone,temp,humidity,description
2025-02-19 06:14:46,-0.13,18,clear sky
2025-02-19 06:25:48,-0.13,18,clear sky
2025-02-19 06:45:48,1.76,25,clear sky
2025-02-19 06:58:42,1.76,25,clear sky
2025-02-19 07:22:46,0.76,25,clear sky
2025-02-19 07:36:33,0.76,25,clear sky
2025-02-19 07:49:36,0.76,25,clear sky
2025-02-19 08:14:43,-0.74,19,clear sky
2025-02-19 08:38:37,0.76,29,clear sky
2025-02-19 08:51:51,0.76,29,clear sky
2025-02-19 09:16:15,-0.22,25,clear sky
2025-02-19 09:32:48,-1.24,29,clear sky
2025-02-19 09:45:59,-1.24,29,clear sky
2025-02-19 09:58:53,-1.24,29,clear sky
2025-02-19 10:28:04,-3.24,39,clear sky
2025-02-19 10:43:44,-3.24,39,clear sky
2025-02-19 10:56:33,-3.24,39,clear sky
2025-02-19 11:19:26,-2.72,29,clear sky
2025-02-19 11:33:08,-3.24,43,clear sky
2025-02-19 11:46:02,-3.24,43,clear sky
2025-02-19 11:58:46,-3.24,43,clear sky
2025-02-19 12:46:22,-4.24,50,clear sky
2025-02-19 13:14:06,-3.39,36,clear sky
2025-02-19 13:34:13,-5.24,50,clear sky
2025-02-19 13:47:08,-5.24,50,clear sky
2025-02-19 14:00:01,-5.24,50,clear sky
2025-02-19 14:26:54,-5.24,54,clear sky
2025-02-19 14:43:00,-5.24,54,clear sky
2025-02-19 14:56:01,-5.24,54,clear sky
2025-02-19 15:26:01,-3.23,36,clear sky
2025-02-19 15:40:48,-6.24,58,clear sky
2025-02-19 15:53:52,-6.24,58,clear sky
2025-02-19 16:23:22,-3.29,37,clear sky
2025-02-19 16:43:47,-6.24,58,clear sky
2025-02-19 16:56:36,-6.24,58,clear sky
2025-02-19 17:21:39,-3.46,37,clear sky
2025-02-19 17:37:29,-8.24,62,clear sky
2025-02-19 17:50:22,-8.24,62,clear sky
2025-02-19 18:15:49,-3.7,39,clear sky
2025-02-19 18:40:28,-8.24,67,clear sky
2025-02-19 18:53:15,-8.24,67,clear sky
2025-02-19 19:14:23,-3.86,41,clear sky
2025-02-19 19:26:57,-9.24,73,clear sky
2025-02-19 19:39:47,-9.24,73,clear sky
2025-02-19 19:52:40,-9.24,73,clear sky
2025-02-19 20:18:43,-4.05,42,clear sky
2025-02-19 20:34:55,-10.24,85,clear sky
2025-02-19 20:48:00,-10.24,85,clear sky
2025-02-19 21:07:15,-10.24,85,clear sky
2025-02-19 21:25:48,-10.24,85,clear sky
2025-02-19 21:38:59,-10.24,85,clear sky
2025-02-19 21:51:39,-10.24,85,clear sky
2025-02-19 22:13:39,-10.24,85,clear sky
2025-02-19 22:32:03,-8.24,73,clear sky
2025-02-19 22:44:44,-8.24,73,clear sky
2025-02-19 22:57:23,-8.24,73,clear sky
2025-02-19 23:22:10,-4.45,43,clear sky
2025-02-19 23:36:14,-7.24,73,clear sky
2025-02-19 23:49:16,-7.24,73,clear sky
2025-02-20 00:49:04,-3.24,59,clear sky
2025-02-20 02:11:38,-1.24,40,clear sky
2025-02-20 02:57:51,-0.24,32,clear sky
2025-02-20 03:28:38,0.76,29,clear sky
2025-02-20 03:45:08,0.76,29,clear sky
2025-02-20 03:58:01,0.76,29,clear sky
2025-02-20 04:28:06,0.76,29,clear sky
2025-02-20 04:43:42,0.76,29,clear sky
2025-02-20 04:56:35,0.76,29,clear sky
2025-02-20 05:23:36,1.76,27,clear sky
2025-02-20 05:39:29,1.76,27,clear sky
2025-02-20 05:52:10,1.76,27,clear sky
2025-02-20 06:22:06,0.27,20,clear sky
2025-02-20 06:43:40,1.76,27,clear sky
2025-02-20 06:56:15,1.76,27,clear sky
2025-02-20 07:21:32,1.76,27,clear sky
2025-02-20 07:35:16,1.76,27,clear sky
2025-02-20 07:48:03,1.76,27,clear sky
2025-02-20 08:10:58,0.78,29,few clouds
2025-02-20 08:36:06,0.76,23,clear sky
2025-02-20 08:50:09,0.76,23,clear sky
2025-02-20 09:12:40,-1.37,26,clear sky
2025-02-20 09:31:18,-1.24,29,clear sky
2025-02-20 09:44:22,-1.24,29,clear sky
2025-02-20 09:57:17,-1.24,29,clear sky
2025-02-20 10:26:48,-2.24,34,clear sky
2025-02-20 10:43:34,-2.24,34,clear sky
2025-02-20 10:56:27,-2.24,34,clear sky
2025-02-20 11:19:17,-3.24,36,clear sky
2025-02-20 11:33:01,-3.24,36,clear sky
2025-02-20 11:45:57,-3.24,36,clear sky
2025-02-20 11:58:32,-3.24,36,clear sky
2025-02-20 12:48:42,-4.24,39,clear sky
2025-02-20 13:17:31,-3.57,38,clear sky
2025-02-20 13:37:04,-5.24,50,clear sky
2025-02-20 13:50:04,-5.24,50,clear sky
2025-02-20 14:11:40,-3.64,38,clear sky
2025-02-20 14:33:51,-5.24,54,clear sky
2025-02-20 14:46:51,-5.24,54,clear sky
2025-02-20 14:59:41,-5.24,54,clear sky
2025-02-20 15:27:43,-6.24,58,clear sky
2025-02-20 15:42:55,-6.24,58,clear sky
2025-02-20 15:55:58,-6.24,58,clear sky
2025-02-20 16:30:59,-7.24,63,clear sky
2025-02-20 16:49:23,-7.24,63,clear sky
2025-02-20 17:09:33,-7.24,63,clear sky
2025-02-20 17:28:51,-6.24,63,clear sky
2025-02-20 17:41:52,-6.24,63,clear sky
2025-02-20 17:54:46,-6.24,63,clear sky
2025-02-20 18:29:23,-7.24,63,clear sky
2025-02-20 18:46:57,-7.24,63,clear sky
2025-02-20 18:59:34,-7.24,63,clear sky
2025-02-20 19:19:36,-4.01,42,clear sky
2025-02-20 19:33:21,-9.24,62,clear sky
2025-02-20 19:46:24,-9.24,62,clear sky
2025-02-20 19:59:02,-9.24,62,clear sky
2025-02-20 20:26:18,-4.13,43,clear sky
2025-02-20 20:43:30,-9.24,73,clear sky
2025-02-20 21:18:13,-10.24,79,clear sky
2025-02-20 21:30:56,-10.24,79,clear sky
2025-02-20 21:43:35,-10.24,79,clear sky
2025-02-20 21:56:23,-10.24,79,clear sky
2025-02-20 22:22:57,-10.24,85,clear sky
2025-02-20 22:38:41,-10.24,85,clear sky
2025-02-20 22:51:38,-10.24,85,clear sky
2025-02-20 23:14:15,-10.24,85,clear sky
2025-02-20 23:30:29,-7.24,73,clear sky
2025-02-20 23:43:25,-7.24,73,clear sky
2025-02-20 23:56:18,-7.24,73,clear sky
2025-02-21 01:50:15,-1.24,43,clear sky
2025-02-21 02:43:42,-0.24,32,clear sky
2025-02-21 03:13:10,-0.24,32,clear sky
2025-02-21 03:36:17,0.76,32,clear sky
2025-02-21 03:49:14,0.76,32,clear sky
2025-02-21 04:12:37,-0.22,27,clear sky
2025-02-21 04:38:56,0.76,32,clear sky
2025-02-21 04:51:54,0.76,32,clear sky
2025-02-21 05:14:47,0.76,32,clear sky
2025-02-21 05:33:20,0.76,32,clear sky
2025-02-21 05:46:17,0.76,32,clear sky
2025-02-21 05:58:55,0.76,32,clear sky
2025-02-21 06:33:09,0.76,37,clear sky
2025-02-21 06:48:48,0.76,37,clear sky
2025-02-21 07:09:12,0.76,37,clear sky
2025-02-21 07:26:55,0.76,40,clear sky
2025-02-21 07:39:44,0.76,40,clear sky
2025-02-21 07:52:45,0.76,40,clear sky
2025-02-21 08:21:36,0.11,24,clear sky
2025-02-21 08:41:00,1.76,30,clear sky
2025-02-21 08:53:58,1.76,30,clear sky
2025-02-21 09:20:08,-0.24,27,clear sky
2025-02-21 09:35:39,-0.24,27,clear sky
2025-02-21 09:48:27,-0.24,27,clear sky
2025-02-21 10:08:53,-0.24,27,clear sky
2025-02-21 10:33:26,-2.24,37,clear sky
2025-02-21 10:46:14,-2.24,37,clear sky
2025-02-21 10:58:57,-2.24,37,clear sky
2025-02-21 11:21:27,-2.24,40,clear sky
2025-02-21 11:35:24,-2.24,40,clear sky
2025-02-21 11:48:22,-2.24,40,clear sky
2025-02-21 12:15:14,-2.67,38,clear sky
2025-02-21 12:53:55,-3.24,46,clear sky
2025-02-21 13:24:31,-4.24,50,clear sky
2025-02-21 13:39:07,-4.24,50,clear sky
2025-02-21 13:51:59,-4.24,50,clear sky
2025-02-21 14:13:16,-2.6,40,clear sky
2025-02-21 14:32:32,-4.24,50,clear sky
2025-02-21 14:45:19,-4.24,50,clear sky
2025-02-21 14:58:03,-4.24,50,clear sky
2025-02-21 15:25:14,-4.24,54,clear sky
2025-02-21 15:40:18,-4.24,54,clear sky
2025-02-21 15:53:23,-4.24,54,clear sky
2025-02-21 16:22:56,-2.93,36,few clouds
2025-02-21 16:41:57,-5.24,58,clear sky
2025-02-21 16:54:54,-5.24,58,clear sky
2025-02-21 17:18:16,-5.24,63,clear sky
2025-02-21 17:31:54,-5.24,63,clear sky
2025-02-21 17:44:32,-5.24,63,clear sky
2025-02-21 17:57:06,-5.24,63,clear sky
2025-02-21 18:31:50,-6.24,73,clear sky
2025-02-21 18:47:21,-6.24,73,clear sky
2025-02-21 19:00:16,-6.24,73,clear sky
2025-02-21 19:19:11,-4,38,clear sky
2025-02-21 19:32:53,-7.24,73,clear sky
2025-02-21 19:45:45,-7.24,73,clear sky
2025-02-21 19:58:26,-7.24,73,clear sky
2025-02-21 20:25:15,-8.24,86,clear sky
2025-02-21 20:40:18,-8.24,86,clear sky
2025-02-21 20:53:13,-8.24,86,clear sky
2025-02-21 21:14:45,-8.24,86,clear sky
2025-02-21 21:28:30,-7.24,73,clear sky
2025-02-21 21:41:06,-7.24,73,clear sky
2025-02-21 21:53:46,-7.24,73,clear sky
2025-02-21 22:17:43,-7.24,73,clear sky
2025-02-21 22:34:49,-7.24,79,clear sky
2025-02-21 22:47:27,-7.24,79,clear sky
2025-02-21 23:00:08,-7.24,79,clear sky
2025-02-21 23:24:07,-6.24,73,clear sky
2025-02-21 23:37:33,-6.24,73,clear sky
2025-02-21 23:50:00,-6.24,73,clear sky
2025-02-22 00:53:52,-3.24,59,clear sky
2025-02-22 02:13:12,-2.32,30,clear sky
2025-02-22 02:55:31,-0.24,34,clear sky
2025-02-22 03:25:10,0.76,34,clear sky
2025-02-22 03:40:46,0.76,34,clear sky
2025-02-22 03:53:42,0.76,34,clear sky
2025-02-22 04:22:53,1.76,32,clear sky
2025-02-22 04:41:35,1.76,32,clear sky
2025-02-22 04:54:20,1.76,32,clear sky
2025-02-22 05:18:15,1.76,32,clear sky
2025-02-22 05:34:08,0.76,34,clear sky
2025-02-22 05:46:55,0.76,34,clear sky
2025-02-22 05:59:34,0.76,34,clear sky
2025-02-22 06:33:27,0.76,37,clear sky
2025-02-22 06:48:59,0.76,37,clear sky
2025-02-22 07:08:01,0.76,37,clear sky
2025-02-22 07:24:17,0.76,37,clear sky
2025-02-22 07:37:25,0.76,37,clear sky
2025-02-22 07:50:16,0.76,37,clear sky
2025-02-22 08:13:49,0.76,37,clear sky
2025-02-22 08:33:23,0.76,37,clear sky
2025-02-22 08:46:02,0.76,37,clear sky
2025-02-22 08:58:35,0.76,37,clear sky
2025-02-22 09:23:41,-1.24,47,clear sky
2025-02-22 09:36:49,-1.24,47,clear sky
2025-02-22 09:49:28,-1.24,47,clear sky
2025-02-22 10:09:51,-1.24,47,clear sky
2025-02-22 10:34:51,-1.24,51,clear sky
2025-02-22 10:47:47,-1.24,51,clear sky
2025-02-22 11:00:53,-1.24,51,clear sky
2025-02-22 11:18:49,-2.26,34,clear sky
2025-02-22 11:32:18,-2.24,37,clear sky
2025-02-22 11:45:03,-2.24,37,clear sky
2025-02-22 11:57:57,-2.24,37,clear sky
2025-02-22 12:41:48,-4.24,42,clear sky
2025-02-22 13:02:32,-4.24,42,clear sky
2025-02-22 13:25:44,-5.24,46,clear sky
2025-02-22 13:38:44,-5.24,46,clear sky
2025-02-22 13:51:33,-5.24,46,clear sky
2025-02-22 14:12:31,-3.59,39,broken clouds
2025-02-22 14:30:22,-5.24,50,clear sky
2025-02-22 14:43:22,-5.24,50,clear sky
2025-02-22 14:55:55,-5.24,50,clear sky
2025-02-22 15:21:01,-6.24,53,clear sky
2025-02-22 15:34:32,-6.24,53,clear sky
2025-02-22 15:47:08,-6.24,53,clear sky
2025-02-22 15:59:54,-6.24,53,clear sky
2025-02-22 16:27:45,-6.24,58,clear sky
2025-02-22 16:42:56,-6.24,58,clear sky
2025-02-22 16:55:41,-6.24,58,clear sky
2025-02-22 17:20:46,-8.24,62,clear sky
2025-02-22 17:35:29,-8.24,62,clear sky
2025-02-22 17:48:31,-8.24,62,clear sky
2025-02-22 18:09:49,-3.99,40,few clouds
2025-02-22 18:34:00,-7.24,58,clear sky
2025-02-22 18:46:41,-7.24,58,clear sky
2025-02-22 18:59:41,-7.24,58,clear sky
2025-02-22 19:18:18,-4.19,39,clear sky
2025-02-22 19:31:25,-9.24,67,clear sky
2025-02-22 19:44:23,-9.24,67,clear sky
2025-02-22 19:57:17,-9.24,67,clear sky
2025-02-22 20:23:05,-8.24,67,clear sky
2025-02-22 20:36:38,-8.24,67,clear sky
2025-02-22 20:49:09,-8.24,67,clear sky
2025-02-22 21:09:07,-8.24,67,clear sky
2025-02-22 21:26:26,-4.75,35,clear sky
2025-02-22 21:39:00,-8.24,67,clear sky
2025-02-22 21:51:32,-8.24,67,clear sky
2025-02-22 22:12:16,-4.86,37,clear sky
2025-02-22 22:31:02,-7.24,63,clear sky
2025-02-22 22:43:53,-7.24,63,clear sky
2025-02-22 22:56:32,-7.24,63,clear sky
2025-02-22 23:20:15,-4.93,37,clear sky
2025-02-22 23:34:09,-5.24,58,clear sky
2025-02-22 23:47:01,-5.24,58,clear sky
2025-02-22 23:59:42,-5.24,58,clear sky
2025-02-23 01:57:59,-2.24,37,clear sky
2025-02-23 02:57:17,-1.24,37,clear sky
2025-02-23 03:29:31,-2.24,34,few clouds
2025-02-23 03:44:44,-2.24,34,few clouds
2025-02-23 03:57:38,-2.24,34,few clouds
2025-02-23 04:27:54,-0.24,32,few clouds
2025-02-23 04:44:59,-0.24,32,few clouds
2025-02-23 04:57:27,-0.24,32,few clouds
2025-02-23 05:22:59,-0.24,27,clear sky
2025-02-23 05:37:58,-0.24,27,clear sky
2025-02-23 05:50:53,-0.24,27,clear sky
2025-02-23 06:17:08,-1.29,24,few clouds
2025-02-23 06:38:41,-0.24,29,clear sky
2025-02-23 06:51:17,-0.24,29,clear sky
2025-02-23 07:12:19,-0.24,29,clear sky
2025-02-23 07:27:05,-0.24,34,clear sky
2025-02-23 07:39:35,-0.24,34,clear sky
2025-02-23 07:52:35,-0.24,34,clear sky
2025-02-23 08:20:26,-1.71,26,clear sky
2025-02-23 08:37:50,-0.24,29,clear sky
2025-02-23 08:50:39,-0.24,29,clear sky
2025-02-23 09:12:15,-0.24,29,clear sky
2025-02-23 09:29:59,-2.24,34,clear sky
2025-02-23 09:42:54,-2.24,34,clear sky
2025-02-23 09:55:29,-2.24,34,clear sky
2025-02-23 10:22:56,-3.24,36,clear sky
2025-02-23 10:39:07,-3.24,36,clear sky
2025-02-23 10:52:02,-3.24,36,clear sky
2025-02-23 11:12:18,-3.24,36,clear sky
2025-02-23 11:25:21,-4.24,42,clear sky
2025-02-23 11:39:51,-4.24,42,clear sky
2025-02-23 11:52:53,-4.24,42,clear sky
2025-02-23 12:31:16,-5.24,50,clear sky
2025-02-23 12:58:29,-5.24,50,clear sky
2025-02-23 13:24:39,-5.24,50,clear sky
2025-02-23 13:38:09,-5.24,50,clear sky
2025-02-23 13:50:48,-5.24,50,clear sky
2025-02-23 14:12:01,-5.24,50,clear sky
2025-02-23 14:30:40,-6.24,53,clear sky
2025-02-23 14:43:27,-6.24,53,clear sky
2025-02-23 14:56:20,-6.24,53,clear sky
2025-02-23 15:21:31,-6.24,53,clear sky
2025-02-23 15:35:21,-6.24,53,clear sky
2025-02-23 15:47:56,-6.24,53,clear sky
2025-02-23 16:07:30,-6.24,53,clear sky
2025-02-23 16:31:10,-6.24,58,clear sky
2025-02-23 16:44:06,-6.24,58,clear sky
2025-02-23 16:56:51,-6.24,58,clear sky
2025-02-23 17:20:05,-8.24,62,clear sky
2025-02-23 17:35:45,-8.24,62,clear sky
2025-02-23 17:48:30,-8.24,62,clear sky
2025-02-23 18:10:15,-8.24,62,clear sky
2025-02-23 18:34:00,-8.24,67,clear sky
2025-02-23 18:46:47,-8.24,67,clear sky
2025-02-23 18:59:46,-8.24,67,clear sky
2025-02-23 19:18:00,-4,41,clear sky
2025-02-23 19:30:59,-10.24,79,clear sky
2025-02-23 19:43:46,-10.24,79,clear sky
2025-02-23 19:56:32,-10.24,79,clear sky
2025-02-23 20:23:20,-4.09,42,clear sky
2025-02-23 20:37:59,-10.24,73,clear sky
2025-02-23 20:51:05,-10.24,73,clear sky
2025-02-23 21:11:25,-4.28,42,clear sky
2025-02-23 21:27:29,-9.24,73,clear sky
2025-02-23 21:39:54,-9.24,73,clear sky
2025-02-23 21:52:43,-9.24,73,clear sky
2025-02-23 22:15:03,-9.24,73,clear sky
2025-02-23 22:32:28,-10.24,79,clear sky
2025-02-23 22:45:16,-10.24,79,clear sky
2025-02-23 22:58:00,-10.24,79,clear sky
2025-02-23 23:21:22,-7.24,68,clear sky
2025-02-23 23:35:22,-7.24,68,clear sky
2025-02-23 23:48:27,-7.24,68,clear sky
2025-02-24 00:43:08,-2.24,54,clear sky
2025-02-24 02:12:37,-0.24,37,clear sky
2025-02-24 03:02:26,0.76,32,clear sky
2025-02-24 03:33:39,1.76,30,clear sky
2025-02-24 03:49:17,1.76,30,clear sky
2025-02-24 04:12:47,1.76,30,clear sky
2025-02-24 04:35:08,2.76,30,clear sky
2025-02-24 04:48:05,2.76,30,clear sky
2025-02-24 05:08:44,2.76,30,clear sky
2025-02-24 05:31:04,3.76,33,clear sky
2025-02-24 05:43:44,3.76,33,clear sky
2025-02-24 05:56:24,3.76,33,clear sky
2025-02-24 06:34:07,3.76,33,clear sky
2025-02-24 06:50:25,3.76,33,clear sky
2025-02-24 07:12:38,2.2,24,clear sky
2025-02-24 07:28:47,3.76,30,clear sky
2025-02-24 07:41:40,3.76,30,clear sky
2025-02-24 07:54:35,3.76,30,clear sky
2025-02-24 08:27:44,3.76,30,clear sky
2025-02-24 08:46:16,3.76,30,clear sky
2025-02-24 08:58:44,3.76,30,clear sky
2025-02-24 09:27:06,1.76,35,clear sky
2025-02-24 09:41:50,1.76,35,clear sky
2025-02-24 09:54:26,1.76,35,clear sky
2025-02-24 10:22:55,0.76,40,clear sky
2025-02-24 10:42:00,0.76,40,clear sky
2025-02-24 10:54:34,0.76,40,clear sky
2025-02-24 11:17:34,0.54,35,clear sky
2025-02-24 11:30:06,0.76,60,clear sky
2025-02-24 11:43:10,0.76,60,clear sky
2025-02-24 11:55:46,0.76,60,clear sky
2025-02-24 12:48:18,0.76,64,clear sky
2025-02-24 13:17:21,-0.09,41,clear sky
2025-02-24 13:38:05,-0.24,69,clear sky
2025-02-24 13:50:51,-0.24,69,clear sky
2025-02-24 14:13:32,-0.26,42,clear sky
2025-02-24 14:35:46,-2.24,86,clear sky
2025-02-24 14:48:27,-2.24,86,clear sky
2025-02-24 15:09:36,-0.36,43,clear sky
2025-02-24 15:32:04,-5.24,93,clear sky
2025-02-24 15:45:03,-5.24,93,clear sky
2025-02-24 15:57:37,-5.24,93,clear sky
2025-02-24 16:31:52,-6.24,100,clear sky
2025-02-24 16:50:04,-6.24,100,clear sky
2025-02-24 17:10:51,-6.24,100,clear sky
2025-02-24 17:29:52,-5.24,100,clear sky
2025-02-24 17:42:54,-5.24,100,clear sky
2025-02-24 17:55:32,-5.24,100,clear sky
2025-02-24 18:32:12,-7.24,93,clear sky
2025-02-24 18:48:47,-7.24,93,clear sky
2025-02-24 19:07:41,-7.24,93,clear sky
2025-02-24 19:23:36,-6.24,93,clear sky
2025-02-24 19:37:44,-6.24,93,clear sky
2025-02-24 19:50:17,-6.24,93,clear sky
2025-02-24 20:13:55,-0.5,68,broken clouds
2025-02-24 20:32:31,-7.24,100,clear sky
2025-02-24 20:45:24,-7.24,100,clear sky
2025-02-24 20:57:54,-7.24,100,clear sky
2025-02-24 21:21:51,-7.24,100,clear sky
2025-02-24 21:35:53,-7.24,100,clear sky
2025-02-24 21:48:40,-7.24,100,clear sky
2025-02-24 22:08:28,-7.24,100,clear sky
2025-02-24 22:31:22,-6.24,100,clear sky
2025-02-24 22:44:01,-6.24,100,clear sky
2025-02-24 22:56:55,-6.24,100,clear sky
2025-02-24 23:22:24,-3.24,93,clear sky
2025-02-24 23:35:58,-3.24,93,clear sky
2025-02-24 23:49:00,-3.24,93,clear sky
2025-02-25 00:46:45,0.76,80,clear sky
2025-02-25 02:11:39,3.76,60,clear sky
2025-02-25 03:01:17,3.76,60,broken clouds
2025-02-25 03:32:44,5.76,52,broken clouds
2025-02-25 03:47:35,5.76,52,broken clouds
2025-02-25 04:00:16,5.76,52,broken clouds
2025-02-25 04:29:57,4.76,56,broken clouds
2025-02-25 04:44:47,4.76,56,broken clouds
2025-02-25 04:57:28,4.76,56,broken clouds
2025-02-25 05:24:49,4.76,60,broken clouds
2025-02-25 05:40:37,4.76,60,broken clouds
2025-02-25 05:53:21,4.76,60,broken clouds
2025-02-25 06:26:40,4.76,65,broken clouds
2025-02-25 06:46:23,4.76,65,broken clouds
2025-02-25 06:59:20,4.76,65,broken clouds
2025-02-25 07:23:42,4.56,56,overcast clouds
2025-02-25 07:37:03,5.76,61,broken clouds
2025-02-25 07:49:54,5.76,61,broken clouds
2025-02-25 08:15:50,4.44,60,overcast clouds
2025-02-25 08:38:51,4.76,65,broken clouds
2025-02-25 08:51:52,4.76,65,broken clouds
2025-02-25 09:16:38,3.84,66,overcast clouds
2025-02-25 09:34:16,4.76,70,broken clouds
2025-02-25 09:47:07,4.76,70,broken clouds
2025-02-25 09:59:57,4.76,70,broken clouds
2025-02-25 10:29:54,3.76,75,broken clouds
2025-02-25 10:45:09,3.76,75,broken clouds
2025-02-25 10:57:42,3.76,75,broken clouds
2025-02-25 11:20:29,3.15,76,broken clouds
2025-02-25 11:34:33,3.76,75,broken clouds
2025-02-25 11:47:37,3.76,75,broken clouds
2025-02-25 12:00:24,3.76,75,broken clouds
2025-02-25 12:49:52,3.76,81,scattered clouds
2025-02-25 13:19:51,1.76,93,scattered clouds
2025-02-25 13:39:19,1.76,93,scattered clouds
2025-02-25 13:51:53,1.76,93,scattered clouds
2025-02-25 14:15:16,2.47,86,clear sky
2025-02-25 14:37:18,1.76,93,scattered clouds
2025-02-25 14:50:25,1.76,93,scattered clouds
2025-02-25 15:13:49,2.3,87,clear sky
2025-02-25 15:33:59,2.76,93,scattered clouds
2025-02-25 15:46:34,2.76,93,scattered clouds
2025-02-25 15:59:17,2.76,93,scattered clouds
2025-02-25 16:32:37,2.76,93,mist
2025-02-25 16:50:05,2.76,93,mist
2025-02-25 17:13:17,1.9,90,clear sky
2025-02-25 17:35:14,2.76,100,mist
2025-02-25 17:48:03,2.76,100,mist
2025-02-25 18:11:22,1.15,82,clear sky
2025-02-25 18:40:02,2.76,100,mist
2025-02-25 18:52:54,2.76,100,mist
2025-02-25 19:14:25,2.76,100,mist
2025-02-25 19:27:15,1.76,100,mist
2025-02-25 19:39:56,1.76,100,mist
2025-02-25 19:52:47,1.76,100,mist
2025-02-25 20:19:08,0.19,69,clear sky
2025-02-25 20:36:16,-0.24,100,mist
2025-02-25 20:49:10,-0.24,100,mist
2025-02-25 21:09:23,-0.24,100,mist
2025-02-25 21:27:39,-1.24,93,fog
2025-02-25 21:41:08,-1.24,93,fog
2025-02-25 21:53:38,-1.24,93,fog
2025-02-25 22:18:05,-1.24,93,fog
2025-02-25 22:36:45,-4.24,100,fog
2025-02-25 22:49:35,-4.24,100,fog
2025-02-25 23:10:15,-0.39,37,clear sky
2025-02-25 23:27:52,-2.24,93,fog
2025-02-25 23:40:32,-2.24,93,fog
2025-02-25 23:53:35,-2.24,93,fog
2025-02-26 01:26:11,3.76,60,mist
2025-02-26 02:41:19,4.76,45,haze
2025-02-26 03:14:03,4.17,16,clear sky
2025-02-26 03:40:26,6.76,26,clear sky
2025-02-26 03:53:23,6.76,26,clear sky
2025-02-26 04:22:36,7.76,17,clear sky
2025-02-26 04:43:25,7.76,17,clear sky
2025-02-26 04:56:19,7.76,17,clear sky
2025-02-26 05:24:12,7.76,21,clear sky
2025-02-26 05:40:30,7.76,21,clear sky
2025-02-26 05:53:23,7.76,21,clear sky
2025-02-26 06:26:53,7.76,19,clear sky
2025-02-26 06:46:45,7.76,19,clear sky
2025-02-26 06:59:23,7.76,19,clear sky
2025-02-26 07:23:25,5.99,19,clear sky
2025-02-26 07:37:26,7.76,18,clear sky
2025-02-26 07:50:13,7.76,18,clear sky
2025-02-26 08:16:20,5.22,23,clear sky
2025-02-26 08:39:34,6.76,19,clear sky
2025-02-26 08:52:36,6.76,19,clear sky
2025-02-26 09:18:33,4.76,22,clear sky
2025-02-26 09:35:43,4.76,22,clear sky
2025-02-26 09:48:42,4.76,22,clear sky
2025-02-26 10:10:42,3.39,33,clear sky
2025-02-26 10:35:32,2.76,23,clear sky
2025-02-26 10:48:29,2.76,23,clear sky
2025-02-26 11:08:10,2.76,23,clear sky
2025-02-26 11:25:43,1.76,27,clear sky
2025-02-26 11:39:05,1.76,27,clear sky
2025-02-26 11:51:38,1.76,27,clear sky
2025-02-26 12:30:07,0.76,37,clear sky
2025-02-26 13:02:38,0.76,37,clear sky
2025-02-26 13:31:28,-0.24,40,clear sky
2025-02-26 13:44:33,-0.24,40,clear sky
2025-02-26 13:57:09,-0.24,40,clear sky
2025-02-26 14:24:38,1.11,54,clear sky
2025-02-26 14:42:28,-1.24,51,clear sky
2025-02-26 14:55:35,-1.24,51,clear sky
2025-02-26 15:26:41,-4.24,68,clear sky
2025-02-26 15:43:24,-4.24,68,clear sky
2025-02-26 15:56:10,-4.24,68,clear sky
2025-02-26 16:30:54,-4.24,74,clear sky
2025-02-26 16:49:24,-4.24,74,clear sky
2025-02-26 17:09:38,-4.24,74,clear sky
2025-02-26 17:30:23,-5.24,63,clear sky
2025-02-26 17:43:13,-5.24,63,clear sky
2025-02-26 17:55:46,-5.24,63,clear sky
2025-02-26 18:32:29,0.16,58,clear sky
2025-02-26 18:49:01,0.15,57,clear sky
2025-02-26 19:07:49,0.05,55,clear sky
2025-02-26 19:23:31,0.15,57,clear sky
2025-02-26 19:37:34,0.07,56,clear sky
2025-02-26 19:50:20,0.07,56,clear sky
2025-02-26 20:13:47,-6.24,73,clear sky
2025-02-26 20:32:22,-6.24,73,clear sky
2025-02-26 20:45:13,-6.24,73,clear sky
2025-02-26 20:57:52,-6.24,73,clear sky
2025-02-26 21:22:57,0.01,54,clear sky
2025-02-26 21:36:36,-6.24,79,clear sky
2025-02-26 21:49:19,-6.24,79,clear sky
2025-02-26 22:09:34,-6.24,79,clear sky
2025-02-26 22:31:51,-6.24,86,clear sky
2025-02-26 22:44:40,-6.24,86,clear sky
2025-02-26 22:57:34,-6.24,86,clear sky
2025-02-26 23:23:56,-4.24,80,clear sky
2025-02-26 23:38:36,-4.24,80,clear sky
2025-02-26 23:51:35,-4.24,80,clear sky
2025-02-27 01:10:06,2.76,60,clear sky
2025-02-27 02:33:52,8.76,25,clear sky
2025-02-27 03:06:25,8.76,25,clear sky
2025-02-27 03:36:24,9.76,16,clear sky
2025-02-27 03:50:30,9.76,16,clear sky
2025-02-27 04:15:51,11.76,13,clear sky
2025-02-27 04:38:35,11.76,13,clear sky
2025-02-27 04:51:23,11.76,13,clear sky
2025-02-27 05:14:57,12.76,11,clear sky
2025-02-27 05:35:44,12.76,11,clear sky
2025-02-27 05:48:38,12.76,11,clear sky
2025-02-27 06:13:19,9.44,14,few clouds
2025-02-27 06:40:51,12.76,11,few clouds
2025-02-27 06:53:43,12.76,11,few clouds
2025-02-27 07:18:18,12.76,13,clear sky
2025-02-27 07:31:20,12.76,13,clear sky
2025-02-27 07:44:06,12.76,13,clear sky
2025-02-27 07:56:52,12.76,13,clear sky
2025-02-27 08:30:32,11.76,16,clear sky
2025-02-27 08:47:49,11.76,16,clear sky
2025-02-27 09:00:16,11.76,16,clear sky
2025-02-27 09:27:01,10.76,19,clear sky
2025-02-27 09:41:42,10.76,19,clear sky
2025-02-27 09:54:36,10.76,19,clear sky
2025-02-27 10:22:54,7.7,16,broken clouds
2025-02-27 10:41:46,6.76,31,clear sky
2025-02-27 10:54:30,6.76,31,clear sky
2025-02-27 11:17:26,7.3,17,broken clouds
2025-02-27 11:30:14,2.76,41,clear sky
2025-02-27 11:42:48,2.76,41,clear sky
2025-02-27 11:55:27,2.76,41,clear sky
2025-02-27 12:46:55,2.76,41,clear sky
2025-02-27 13:16:10,5.92,17,overcast clouds
2025-02-27 13:37:57,-0.24,51,clear sky
2025-02-27 13:50:48,-0.24,51,clear sky
2025-02-27 14:13:00,5.29,18,overcast clouds
2025-02-27 14:35:03,-0.24,59,clear sky
2025-02-27 14:47:54,-0.24,59,clear sky
2025-02-27 15:08:40,-0.24,59,clear sky
2025-02-27 15:31:40,0.76,60,broken clouds
2025-02-27 15:44:26,0.76,60,broken clouds
2025-02-27 15:57:00,0.76,60,broken clouds
2025-02-27 16:31:58,-0.24,69,broken clouds
2025-02-27 16:49:54,-0.24,69,broken clouds
2025-02-27 17:10:39,3.83,25,broken clouds
2025-02-27 17:31:10,0.76,75,broken clouds
2025-02-27 17:43:48,0.76,75,broken clouds
2025-02-27 17:56:25,0.76,75,broken clouds
2025-02-27 18:33:11,0.76,64,broken clouds
2025-02-27 18:49:37,0.76,64,broken clouds
2025-02-27 19:08:41,4,35,broken clouds
2025-02-27 19:24:23,4,35,broken clouds
2025-02-27 19:38:18,-0.24,64,scattered clouds
2025-02-27 19:51:05,-0.24,64,scattered clouds
2025-02-27 20:15:28,3.75,39,broken clouds
2025-02-27 20:33:46,-0.24,69,broken clouds
2025-02-27 20:46:36,-0.24,69,broken clouds
2025-02-27 20:59:32,-0.24,69,broken clouds
2025-02-27 21:23:29,-0.24,80,broken clouds
2025-02-27 21:37:14,-0.24,80,broken clouds
2025-02-27 21:50:08,-0.24,80,broken clouds
2025-02-27 22:11:31,3.61,41,broken clouds
2025-02-27 22:34:02,1.76,64,broken clouds
2025-02-27 22:46:50,1.76,64,broken clouds
2025-02-27 22:59:43,1.76,64,broken clouds
2025-02-27 23:24:00,1.76,75,broken clouds
2025-02-27 23:37:50,1.76,75,broken clouds
2025-02-27 23:50:40,1.76,75,broken clouds
2025-02-28 01:02:55,4.76,52,broken clouds
2025-02-28 02:32:54,9.76,40,broken clouds
2025-02-28 03:06:39,9.76,40,broken clouds
2025-02-28 03:35:35,10.76,58,broken clouds
2025-02-28 03:49:53,10.76,58,broken clouds
2025-02-28 04:14:28,10.76,62,broken clouds
2025-02-28 04:37:48,10.76,62,broken clouds
2025-02-28 04:50:32,10.76,62,broken clouds
2025-02-28 05:13:12,11.78,40,broken clouds
2025-02-28 05:34:32,10.76,62,broken clouds
2025-02-28 05:47:38,10.76,62,broken clouds
2025-02-28 05:59:59,10.76,62,broken clouds
2025-02-28 06:34:19,11.76,58,broken clouds
2025-02-28 06:49:59,11.76,58,broken clouds
2025-02-28 07:11:57,11.76,58,broken clouds
2025-02-28 07:28:50,11.76,58,broken clouds
2025-02-28 07:41:43,11.76,58,broken clouds
2025-02-28 07:54:35,11.76,58,broken clouds
2025-02-28 08:26:59,10.76,66,scattered clouds
2025-02-28 08:44:57,10.76,66,scattered clouds
2025-02-28 08:57:57,10.76,66,scattered clouds
2025-02-28 09:25:48,8.65,65,clear sky
2025-02-28 09:40:38,9.76,71,clear sky
2025-02-28 09:53:41,9.76,71,clear sky
2025-02-28 10:20:08,4.76,87,clear sky
2025-02-28 10:39:38,4.76,87,clear sky
2025-02-28 10:52:45,4.76,87,clear sky
2025-02-28 11:14:20,4.76,87,clear sky
2025-02-28 11:27:31,4.76,100,clear sky
2025-02-28 11:40:20,4.76,100,clear sky
2025-02-28 11:53:17,4.76,100,clear sky
2025-02-28 12:36:13,3.76,100,clear sky
2025-02-28 13:04:00,3.76,100,clear sky
2025-02-28 13:31:06,3.76,100,mist
2025-02-28 13:43:52,3.76,100,mist
2025-02-28 13:56:39,3.76,100,mist
2025-02-28 14:23:45,0.76,100,mist
2025-02-28 14:41:04,0.76,100,mist
2025-02-28 14:53:57,0.76,100,mist
2025-02-28 15:21:18,0.76,100,fog
2025-02-28 15:37:45,0.76,100,fog
2025-02-28 15:50:37,0.76,100,fog
2025-02-28 16:16:19,4.57,80,clear sky
2025-02-28 16:40:45,-1.24,100,fog
2025-02-28 16:53:42,-0.24,93,fog
2025-02-28 17:15:45,-0.24,93,fog
2025-02-28 17:33:11,-0.24,100,fog
2025-02-28 17:45:56,-0.24,100,fog
2025-02-28 17:58:52,-0.24,100,fog
2025-02-28 18:33:44,-1.24,100,fog
2025-02-28 18:49:36,-1.24,100,fog
2025-02-28 19:09:10,-1.24,100,fog
2025-02-28 19:25:48,-0.24,100,fog
2025-02-28 19:38:59,-0.24,100,fog
2025-02-28 19:51:56,-0.24,100,fog
2025-02-28 20:16:47,3.59,79,overcast clouds
2025-02-28 20:34:39,-0.24,100,fog
2025-02-28 20:47:28,-0.24,100,fog
2025-02-28 21:00:21,-0.24,100,fog
2025-02-28 21:23:22,3.56,79,overcast clouds
2025-02-28 21:36:50,-1.24,100,fog
2025-02-28 21:49:57,-1.24,100,fog
2025-02-28 22:10:49,3.51,77,overcast clouds
2025-02-28 22:32:36,-1.24,100,fog
2025-02-28 22:45:27,-0.24,100,fog
2025-02-28 22:58:12,-0.24,93,fog
2025-02-28 23:22:32,-0.24,100,fog
2025-02-28 23:36:24,-0.24,100,fog
2025-02-28 23:48:54,-0.24,100,fog
2025-03-01 00:51:26,1.76,100,mist
2025-03-01 02:22:22,8.76,71,overcast clouds
2025-03-01 03:09:26,8.01,52,overcast clouds
2025-03-01 03:41:51,13.76,44,haze
2025-03-01 03:54:44,13.76,44,haze
2025-03-01 04:24:56,12.76,47,overcast clouds
2025-03-01 04:41:49,12.76,47,haze
2025-03-01 04:54:25,12.76,47,haze
2025-03-01 05:19:10,11.76,54,light rain
2025-03-01 05:35:38,11.76,54,moderate rain
2025-03-01 05:48:38,11.76,54,moderate rain
2025-03-01 06:12:07,12.78,50,moderate rain
2025-03-01 06:39:19,10.76,82,moderate rain
2025-03-01 06:52:18,10.76,82,broken clouds
2025-03-01 07:14:23,7.75,60,overcast clouds
2025-03-01 07:28:11,11.76,66,overcast clouds
2025-03-01 07:40:55,11.76,66,haze
2025-03-01 07:53:57,11.76,66,haze
2025-03-01 08:23:24,12.78,54,haze
2025-03-01 08:41:33,11.76,62,haze
2025-03-01 08:54:06,11.76,62,haze
2025-03-01 09:19:22,10.76,71,overcast clouds
2025-03-01 09:33:46,10.76,71,haze
2025-03-01 09:46:31,10.76,71,haze
2025-03-01 09:59:06,10.76,71,haze
2025-03-01 10:26:24,7.63,64,overcast clouds
2025-03-01 10:41:27,9.76,76,broken clouds
2025-03-01 10:54:18,9.76,76,broken clouds
2025-03-01 11:15:18,9.76,76,broken clouds
2025-03-01 11:27:59,7.76,81,overcast clouds
2025-03-01 11:40:45,7.76,81,broken clouds
2025-03-01 11:53:45,7.76,81,broken clouds
2025-03-01 12:35:29,5.76,100,mist
2025-03-01 13:00:35,5.76,100,mist
2025-03-01 13:26:30,6.76,93,mist
2025-03-01 13:39:32,6.76,93,mist
2025-03-01 13:52:06,6.76,93,mist
2025-03-01 14:13:36,7.94,50,overcast clouds
2025-03-01 14:32:07,6.76,87,mist
2025-03-01 14:44:47,6.76,87,mist
2025-03-01 14:57:45,6.76,87,mist
2025-03-01 15:25:06,3.76,100,mist
2025-03-01 15:39:27,3.76,100,mist
2025-03-01 15:52:20,3.76,100,mist
2025-03-01 16:18:07,7.07,55,broken clouds
2025-03-01 16:38:03,3.76,100,mist
2025-03-01 16:50:47,3.76,100,mist
2025-03-01 17:10:50,3.76,100,mist
2025-03-01 17:28:35,3.76,100,mist
2025-03-01 17:41:18,3.76,100,mist
2025-03-01 17:54:07,3.76,100,mist
2025-03-01 18:25:15,6.47,56,broken clouds
2025-03-01 18:42:59,3.76,100,mist
2025-03-01 18:55:49,3.76,100,mist
2025-03-01 19:16:54,4.76,100,mist
2025-03-01 19:29:34,4.76,100,mist
2025-03-01 19:42:21,4.76,100,mist
2025-03-01 19:54:54,4.76,100,mist
2025-03-01 20:21:33,7.26,53,overcast clouds
2025-03-01 20:35:52,5.76,93,mist
2025-03-01 20:48:50,5.76,93,mist
2025-03-01 21:07:58,5.76,93,mist
2025-03-01 21:27:13,4.76,100,mist
2025-03-01 21:40:02,4.76,100,mist
2025-03-01 21:53:07,4.76,100,mist
2025-03-01 22:15:19,4.76,100,mist
2025-03-01 22:33:03,4.76,100,mist
2025-03-01 22:46:03,4.76,100,mist
2025-03-01 22:58:59,4.76,100,mist
2025-03-01 23:23:30,5.76,87,mist
2025-03-01 23:37:36,5.76,87,mist
2025-03-01 23:50:28,5.76,87,mist
2025-03-02 01:04:31,6.76,81,broken clouds
2025-03-02 02:35:55,10.76,62,broken clouds
2025-03-02 03:16:01,10.76,62,broken clouds
2025-03-02 03:40:49,12.76,54,broken clouds
2025-03-02 03:53:41,12.76,54,broken clouds
2025-03-02 04:21:24,14.76,41,clear sky
2025-03-02 04:38:56,14.76,41,clear sky
2025-03-02 04:51:28,14.76,41,clear sky
2025-03-02 05:14:32,8.99,45,overcast clouds
2025-03-02 05:34:07,8.99,45,overcast clouds
2025-03-02 05:46:43,13.76,41,clear sky
2025-03-02 05:59:35,13.76,41,clear sky
2025-03-02 06:32:46,13.76,35,overcast clouds
2025-03-02 06:47:26,13.76,35,moderate rain
2025-03-02 07:00:06,13.76,35,moderate rain
2025-03-02 07:21:32,8.09,64,heavy intensity rain
2025-03-02 07:35:39,10.76,62,moderate rain
2025-03-02 07:48:23,10.76,62,moderate rain
2025-03-02 08:10:02,10.76,62,moderate rain
2025-03-02 08:31:49,7.76,93,moderate rain
2025-03-02 08:45:02,7.76,93,moderate rain
2025-03-02 08:57:39,7.76,93,moderate rain
2025-03-02 09:23:58,6.76,100,heavy intensity rain
2025-03-02 09:38:15,6.76,100,moderate rain
2025-03-02 09:51:02,6.76,100,moderate rain
2025-03-02 10:13:48,6.76,100,moderate rain
2025-03-02 10:34:05,5.76,93,moderate rain
2025-03-02 10:47:04,5.76,93,moderate rain
2025-03-02 10:59:39,5.76,93,moderate rain
2025-03-02 11:19:35,4.76,93,moderate rain
2025-03-02 11:33:13,4.76,93,moderate rain
2025-03-02 11:46:08,4.76,93,light rain
2025-03-02 11:58:57,4.76,93,moderate rain
2025-03-02 12:43:28,4.76,87,moderate rain
2025-03-02 13:08:55,4.76,87,light rain
2025-03-02 13:29:04,3.76,93,moderate rain
2025-03-02 13:41:36,3.76,93,light rain
2025-03-02 13:54:37,3.76,93,light rain
2025-03-02 14:18:40,2.06,82,moderate rain
2025-03-02 14:34:41,2.76,93,moderate rain
2025-03-02 14:47:28,2.76,93,moderate rain
2025-03-02 15:00:16,2.76,93,moderate rain
2025-03-02 15:24:32,2.76,93,moderate rain
2025-03-02 15:38:40,2.76,93,moderate rain
2025-03-02 15:51:19,2.76,93,moderate rain
2025-03-02 16:16:47,0.66,99,snow
2025-03-02 16:38:08,2.76,93,moderate rain
2025-03-02 16:50:53,2.76,93,moderate rain
2025-03-02 17:11:06,2.76,93,heavy intensity rain
2025-03-02 17:29:31,2.76,93,moderate rain
2025-03-02 17:42:20,2.76,93,moderate rain
2025-03-02 17:55:10,2.76,93,moderate rain
2025-03-02 18:29:12,1.76,100,moderate rain
2025-03-02 18:46:17,1.76,100,moderate rain
2025-03-02 18:59:00,1.76,100,light rain
2025-03-02 19:18:21,0.25,98,snow
2025-03-02 19:31:16,1.76,100,moderate rain
2025-03-02 19:43:58,1.76,100,moderate rain
2025-03-02 19:56:30,1.76,100,moderate rain
2025-03-02 20:23:34,0.1,97,snow
2025-03-02 20:38:34,0.76,100,light rain
2025-03-02 20:51:15,0.76,100,light rain
2025-03-02 21:12:44,0.76,100,moderate rain
2025-03-02 21:27:57,0.1,95,snow
2025-03-02 21:40:45,0.76,100,snow
2025-03-02 21:53:45,0.76,100,snow
2025-03-02 22:18:18,0.39,89,snow
2025-03-02 22:34:56,0.76,100,light snow
2025-03-02 22:47:47,0.76,100,overcast clouds
2025-03-02 23:01:24,0.76,100,overcast clouds
2025-03-02 23:23:24,1.76,93,broken clouds
2025-03-02 23:37:08,1.76,93,mist
2025-03-02 23:49:56,1.76,93,mist
2025-03-03 00:57:56,2.76,81,broken clouds
2025-03-03 02:24:45,4.76,65,clear sky
2025-03-03 03:07:23,4.76,65,clear sky
2025-03-03 03:38:52,5.76,56,clear sky
2025-03-03 03:53:00,5.76,56,clear sky
2025-03-03 04:22:36,6.76,57,clear sky
2025-03-03 04:42:18,6.76,57,clear sky
